season,rental_count,share_pct
spring,10366990,27.739507073808568
summer,11119768,29.75375524574733
fall,10587064,28.32837079218404
winter,5298832,14.178366888260063
